{"names":141,"ids":265,"groups":113,"high":15,"med":250,"low":0,"ap":125,"rdCount":798,"rdTotal":0.2323695652566362,"tbVar":1133561.742608696}